{"cameraMode":{"drawMode":0,"name":"Shaded","section":"Shading Mode"},"sceneLighting":true,"audioPlay":false,"sceneViewState":{"showFog":true,"showMaterialUpdate":false,"showSkybox":true,"showFlares":true,"showImageEffects":true,"showParticleSystems":true},"in2DMode":false,"pivot":{"x":-28.07129669189453,"y":1.7145441770553589,"z":-10.326713562011719},"rotation":{"x":-0.010213423520326615,"y":0.8844420909881592,"z":-0.019382474943995477,"w":-0.4661785662174225},"size":43.76276779174805,"orthographic":false}